sku,product_name,product_base,form,category,typical_price,n_lines,total_qty,n_raw_menu_names
P-COC-001,ช็อคโกแลต (เย็น),ช็อคโกแลต,เย็น,COCOA&MILK,50,2281,2429,12
P-COC-002,โกโก้ (เย็น),โกโก้,เย็น,COCOA&MILK,50,1975,2139,11
P-COC-003,ช็อคโกแลต (ปั่น),ช็อคโกแลต,ปั่น,COCOA&MILK,55,972,1028,9
P-COC-004,นมสด (เย็น),นมสด,เย็น,COCOA&MILK,45,934,962,11
P-COC-005,นมสดคาราเมล (เย็น),นมสดคาราเมล,เย็น,COCOA&MILK,50,836,870,8
P-COC-006,โกโก้ (ปั่น),โกโก้,ปั่น,COCOA&MILK,55,575,609,8
P-COC-007,นมสดคาราเมล (ปั่น),นมสดคาราเมล,ปั่น,COCOA&MILK,55,374,387,8
P-COC-008,โกโก้มิ้นท์,โกโก้มิ้นท์,,COCOA&MILK,55,321,337,1
P-COC-009,นมชมพู(นมเย็น),นมชมพู(นมเย็น),,COCOA&MILK,45,307,325,4
P-COC-010,นมสด (ปั่น),นมสด,ปั่น,COCOA&MILK,55,229,243,8
P-COC-011,โกโก้ (ร้อน),โกโก้,ร้อน,COCOA&MILK,40,179,199,9
P-COC-012,ช็อคโกแลต (ร้อน),ช็อคโกแลต,ร้อน,COCOA&MILK,40,137,147,7
P-COC-013,สตรอเบอรี่นมสด,สตรอเบอรี่นมสด,,COCOA&MILK,50,109,113,1
P-COC-014,นมสด (ร้อน),นมสด,ร้อน,COCOA&MILK,40,91,91,6
P-COC-015,นมสดคาราเมล (ร้อน),นมสดคาราเมล,ร้อน,COCOA&MILK,40,32,32,6
P-COC-016,ช็อคโกแลต,ช็อคโกแลต,,COCOA&MILK,40,2,3,1
P-COC-017,ช็อคโกแลต เย็นบุก,ช็อคโกแลต เย็นบุก,,COCOA&MILK,65,1,1,1
P-COC-018,ช็อคโกแลตบุก (ปั่น),ช็อคโกแลตบุก,ปั่น,COCOA&MILK,70,1,1,1
P-COC-019,ช็อคโกแลตบุก (เย็น),ช็อคโกแลตบุก,เย็น,COCOA&MILK,65,1,1,1
P-COC-020,นมสด,นมสด,,COCOA&MILK,40,1,1,1
P-COC-021,นมสด เย็น บุก,นมสด เย็น บุก,,COCOA&MILK,60,1,1,1
P-COC-022,นมสดคาราเมลบุก (ปั่น),นมสดคาราเมลบุก,ปั่น,COCOA&MILK,70,1,3,1
P-COC-023,นมสดปั่น บุก,นมสดปั่น บุก,,COCOA&MILK,70,1,1,1
P-COF-001,อเมริกาโน่ (เย็น),อเมริกาโน่,เย็น,COFFEE,45,3410,3799,21
P-COF-002,ลาเต้ (เย็น),ลาเต้,เย็น,COFFEE,45,2987,3169,16
P-COF-003,คาปูชิโน่ (เย็น),คาปูชิโน่,เย็น,COFFEE,45,1446,1537,15
P-COF-004,อเมริกาโน่ส้ม,อเมริกาโน่ส้ม,,COFFEE,50,1415,1594,8
P-COF-005,เอสเปรสโซ่ (เย็น),เอสเปรสโซ่,เย็น,COFFEE,50,1263,1313,11
P-COF-006,อเมริกาโน่ช่อมะพร้าว,อเมริกาโน่ช่อมะพร้าว,,COFFEE,50,926,1077,8
P-COF-007,อเมริกาโน่น้ำผึ้งมะนาว,อเมริกาโน่น้ำผึ้งมะนาว,,COFFEE,50,773,815,7
P-COF-008,อเมริกาโน่ (ร้อน),อเมริกาโน่,ร้อน,COFFEE,40,761,1034,8
P-COF-009,มอคค่า (เย็น),มอคค่า,เย็น,COFFEE,50,715,731,11
P-COF-010,อเมริกาโน่น้ำผึ้ง (เย็น),อเมริกาโน่น้ำผึ้ง,เย็น,COFFEE,45,708,727,5
P-COF-011,คาราเมลมัคคีอาโต้,คาราเมลมัคคีอาโต้,,COFFEE,50,602,617,6
P-COF-012,คาปูชิโน่ (ร้อน),คาปูชิโน่,ร้อน,COFFEE,40,381,500,7
P-COF-013,เอสเปรสโซ่ (ร้อน),เอสเปรสโซ่,ร้อน,COFFEE,40,306,311,7
P-COF-014,ลาเต้ (ร้อน),ลาเต้,ร้อน,COFFEE,40,245,253,9
P-COF-015,คาปูชิโน่ (ปั่น),คาปูชิโน่,ปั่น,COFFEE,55,181,183,8
P-COF-016,อเมริกาโน่น้ำผึ้ง,อเมริกาโน่น้ำผึ้ง,,COFFEE,45,114,116,4
P-COF-017,ลาเตั (ปั่น),ลาเตั,ปั่น,COFFEE,55,111,113,4
P-COF-018,มอคค่า (ปั่น),มอคค่า,ปั่น,COFFEE,55,104,106,9
P-COF-019,มัทฉะลาเต้,มัทฉะลาเต้,,COFFEE,55,71,76,5
P-COF-020,มอคค่า (ร้อน),มอคค่า,ร้อน,COFFEE,40,64,65,5
P-COF-021,เอสเปรสโซ่ (ปั่น),เอสเปรสโซ่,ปั่น,COFFEE,55,64,65,7
P-COF-022,ลาเต้ (ปั่น),ลาเต้,ปั่น,COFFEE,55,57,59,3
P-COF-023,อเมริกาโน่น้ำผึ้ง (ร้อน),อเมริกาโน่น้ำผึ้ง,ร้อน,COFFEE,40,42,45,2
P-COF-024,อเมริกาโน่มะม่วงดองโซดาห์,อเมริกาโน่มะม่วงดองโซดาห์,,COFFEE,60,17,19,1
P-COF-025,อเมริกาโน่,อเมริกาโน่,,COFFEE,40,7,20,4
P-COF-026,คาราเมลมัคคิอาโต้ (ร้อน),คาราเมลมัคคิอาโต้,ร้อน,COFFEE,40,5,5,1
P-COF-027,อเมริกาโน่น้ำตาลโตนด,อเมริกาโน่น้ำตาลโตนด,,COFFEE,50,5,5,1
P-COF-028,คาปูชิโน่,คาปูชิโน่,,COFFEE,40,2,3,1
P-COF-029,เอสเปรสโซ่,เอสเปรสโซ่,,COFFEE,40,2,4,2
P-COF-030,มอคค่า,มอคค่า,,COFFEE,40,1,1,1
P-COF-031,ลาเต้,ลาเต้,,COFFEE,40,1,1,1
P-SOD-001,สตรอเบอรี่,สตรอเบอรี่,,ITALIAN SODA,45,515,527,3
P-SOD-002,เลม่อนผสมน้ำผึ้ง,เลม่อนผสมน้ำผึ้ง,,ITALIAN SODA,45,421,451,4
P-SOD-003,ลิ้นจี่,ลิ้นจี่,,ITALIAN SODA,45,252,259,3
P-SOD-004,พีช,พีช,,ITALIAN SODA,45,226,232,4
P-SOD-005,แดงมะนาว,แดงมะนาว,,ITALIAN SODA,45,220,239,3
P-SOD-006,กีวี่,กีวี่,,ITALIAN SODA,45,152,159,4
P-SOD-007,บลูเบอรี่,บลูเบอรี่,,ITALIAN SODA,45,149,151,4
P-SOD-008,มะนาวโซดา,มะนาวโซดา,,ITALIAN SODA,45,107,112,1
P-SOD-009,มะม่วง,มะม่วง,,ITALIAN SODA,45,87,88,4
P-SOD-010,แดงโซดา,แดงโซดา,,ITALIAN SODA,45,49,62,1
P-SOD-011,บลูฮาวาย,บลูฮาวาย,,ITALIAN SODA,45,25,29,1
P-SOD-012,องุ่นโซดา,องุ่นโซดา,,ITALIAN SODA,45,13,13,2
P-SOD-013,ส้มโซดา,ส้มโซดา,,ITALIAN SODA,45,12,14,1
P-SOD-014,เสาวรสโซดา,เสาวรสโซดา,,ITALIAN SODA,45,8,8,1
P-SMT-001,สมูตตี้ สตรอเบอรี่,สมูตตี้ สตรอเบอรี่,,SMOOTHIE,55,429,470,4
P-SMT-002,แตงโม (ปั่น),แตงโม,ปั่น,SMOOTHIE,55,292,303,1
P-SMT-003,โอริโอ้ (ปั่น),โอริโอ้,ปั่น,SMOOTHIE,55,220,229,1
P-SMT-004,นมสดกล้วย (ปั่น),นมสดกล้วย,ปั่น,SMOOTHIE,55,137,140,1
P-SMT-005,สมูตตี้ บลูเบอรี่,สมูตตี้ บลูเบอรี่,,SMOOTHIE,55,130,140,3
P-SMT-006,สตรอเบอรี่ (ปั่น),สตรอเบอรี่,ปั่น,SMOOTHIE,55,127,133,3
P-SMT-007,แอปเปิ้ล (ปั่น),แอปเปิ้ล,ปั่น,SMOOTHIE,55,118,119,1
P-SMT-008,สมูตตี้ มะม่วง,สมูตตี้ มะม่วง,,SMOOTHIE,55,80,84,3
P-SMT-009,เสาวรส (ปั่น),เสาวรส,ปั่น,SMOOTHIE,55,59,68,1
P-SMT-010,สมูตตี้ บลูฮาวาย,สมูตตี้ บลูฮาวาย,,SMOOTHIE,55,42,43,1
P-SMT-011,สมูตตี้ กีวี่,สมูตตี้ กีวี่,,SMOOTHIE,55,34,35,2
P-SMT-012,บลูเบอรรี่ (ปั่น),บลูเบอรรี่,ปั่น,SMOOTHIE,55,32,32,1
P-SMT-013,มะม่วง (ปั่น),มะม่วง,ปั่น,SMOOTHIE,55,24,26,1
P-SMT-014,น้ำส้ม (ปั่น),น้ำส้ม,ปั่น,SMOOTHIE,55,18,19,1
P-SMT-015,กีวี่ (ปั่น),กีวี่,ปั่น,SMOOTHIE,55,16,16,1
P-SMT-016,นมสดโอริโอ้ (ปั่น),นมสดโอริโอ้,ปั่น,SMOOTHIE,55,15,15,1
P-SMT-017,มะนาว (ปั่น),มะนาว,ปั่น,SMOOTHIE,55,12,14,1
P-SMT-018,องุ่นสมุทตี้,องุ่นสมุทตี้,,SMOOTHIE,55,9,9,1
P-SMT-019,อะโวคาโด้ (ปั่น),อะโวคาโด้,ปั่น,SMOOTHIE,60,7,7,1
P-SMT-020,ลินจี่ (ปั่น),ลินจี่,ปั่น,SMOOTHIE,55,3,3,1
P-SMT-021,องุ่น (ปั่น),องุ่น,ปั่น,SMOOTHIE,55,2,2,1
P-TEA-001,ชาเขียว (เย็น),ชาเขียว,เย็น,TEA,45,4130,4508,14
P-TEA-002,ชาซีลอน (เย็น),ชาซีลอน,เย็น,TEA,45,1708,1912,12
P-TEA-003,ชาเขียว (ปั่น),ชาเขียว,ปั่น,TEA,55,1182,1294,9
P-TEA-004,ชามัทฉะ (เย็น),ชามัทฉะ,เย็น,TEA,50,1036,1083,12
P-TEA-005,ชาพีช (เย็น),ชาพีช,เย็น,TEA,45,724,757,7
P-TEA-006,ชาน้ำผึ้งมะนาว (เย็น),ชาน้ำผึ้งมะนาว,เย็น,TEA,45,658,710,7
P-TEA-007,ชามะนาว (เย็น),ชามะนาว,เย็น,TEA,45,627,682,8
P-TEA-008,ชาแอปเปิ้ล (เย็น),ชาแอปเปิ้ล,เย็น,TEA,45,356,369,6
P-TEA-009,ชากุหลาบนมสด,ชากุหลาบนมสด,,TEA,50,338,345,5
P-TEA-010,ชาซีลอนดำ (เย็น),ชาซีลอนดำ,เย็น,TEA,45,249,253,7
P-TEA-011,ชาเขียวมะนาว,ชาเขียวมะนาว,,TEA,50,220,223,4
P-TEA-012,ชามะนาว,ชามะนาว,,TEA,45,215,230,4
P-TEA-013,ชาอัญชันมะนาว,ชาอัญชันมะนาว,,TEA,50,211,214,3
P-TEA-014,ชาเขียวดำ (เย็น),ชาเขียวดำ,เย็น,TEA,45,187,192,9
P-TEA-015,ชากุหลาบน้ำผึ้งมะนาว (เย็น),ชากุหลาบน้ำผึ้งมะนาว,เย็น,TEA,50,150,153,6
P-TEA-016,ชามัทฉะ (ปั่น),ชามัทฉะ,ปั่น,TEA,55,150,156,7
P-TEA-017,ชาสตรอเบอรี่ (เย็น),ชาสตรอเบอรี่,เย็น,TEA,50,141,145,3
P-TEA-018,ชาซีลอน (ปั่น),ชาซีลอน,ปั่น,TEA,55,121,127,7
P-TEA-019,ชาเขียว (ร้อน),ชาเขียว,ร้อน,TEA,40,99,100,9
P-TEA-020,ชากุหลาบน้ำผึ้งมะนาว,ชากุหลาบน้ำผึ้งมะนาว,,TEA,50,64,67,3
P-TEA-021,ชาซีลอน (ร้อน),ชาซีลอน,ร้อน,TEA,40,62,65,5
P-TEA-022,ชาน้ำผึ้งมะนาว (ร้อน),ชาน้ำผึ้งมะนาว,ร้อน,TEA,40,51,54,6
P-TEA-023,ชาสตรอเบอรี่,ชาสตรอเบอรี่,,TEA,50,49,50,3
P-TEA-024,ชาเขียวมัทฉะ (ร้อน),ชาเขียวมัทฉะ,ร้อน,TEA,40,28,29,3
P-TEA-025,ชาเขียวช่อมะพร้าว,ชาเขียวช่อมะพร้าว,,TEA,50,23,24,1
P-TEA-026,ชาพีช (ร้อน),ชาพีช,ร้อน,TEA,40,20,20,3
P-TEA-027,ชาแอปเปิ้ล (ร้อน),ชาแอปเปิ้ล,ร้อน,TEA,40,17,18,3
P-TEA-028,ชาดำน้ำส้ม,ชาดำน้ำส้ม,,TEA,50,11,11,1
P-TEA-029,ชาซีลอนดำ (ร้อน),ชาซีลอนดำ,ร้อน,TEA,40,8,8,2
P-TEA-030,ชามัทฉะ (ร้อน),ชามัทฉะ,ร้อน,TEA,40,8,8,3
P-TEA-031,ชากุหลาบน้ำผึ้งมะนาว (ร้อน),ชากุหลาบน้ำผึ้งมะนาว,ร้อน,TEA,40,6,7,1
P-TEA-032,ชาซีลอน,ชาซีลอน,,TEA,40,6,11,3
P-TEA-033,ชาเขียวดำ (ร้อน),ชาเขียวดำ,ร้อน,TEA,40,6,6,1
P-TEA-034,ชาอัญชันมะนาว (เย็น),ชาอัญชันมะนาว,เย็น,TEA,50,3,3,2
P-TEA-035,ชาน้ำผึ้งมะนาว,ชาน้ำผึ้งมะนาว,,TEA,40,2,3,1
P-TEA-036,ชาพีช,ชาพีช,,TEA,40,2,2,1
P-TEA-037,ชาซีลอนดำ,ชาซีลอนดำ,,TEA,40,1,1,1
P-TEA-038,ชาซีลอนบุก (ปั่น),ชาซีลอนบุก,ปั่น,TEA,70,1,1,1
P-TEA-039,ชามัทฉะ เย็นบุก,ชามัทฉะ เย็นบุก,,TEA,65,1,1,1
P-TEA-040,ชาเขียว,ชาเขียว,,TEA,40,1,1,1
P-TEA-041,ชาเขียวปั่น บุก,ชาเขียวปั่น บุก,,TEA,70,1,1,1
P-TEA-042,ชาเขียวมะนาว (ร้อน),ชาเขียวมะนาว,ร้อน,TEA,40,1,1,1
P-TEA-043,ชาแอปเปิ้ล,ชาแอปเปิ้ล,,TEA,40,1,1,1
P-TOP-001,วุ้นบุก,วุ้นบุก,,Topping ต่างๆ,10,700,772,1
P-TOP-002,ชอตกาแฟ,ชอตกาแฟ,,Topping ต่างๆ,10,98,108,1
P-TOP-003,ท็อปปิ้งโอริโอ้,ท็อปปิ้งโอริโอ้,,Topping ต่างๆ,10,26,28,1
P-TOP-004,ยาคลู,ยาคลู,,Topping ต่างๆ,9,14,15,1
P-TOP-005,บุกบราวชูการ์,บุกบราวชูการ์,,Topping ต่างๆ,15,5,5,1
P-TOP-006,วิปปิ้งครีม,วิปปิ้งครีม,,Topping ต่างๆ,10,3,3,1
P-SNK-001,ขนมเลย์,ขนมเลย์,,ขนมขบเคี้ยว,20,716,762,1
P-SNK-002,ป็อกกี้,ป็อกกี้,,ขนมขบเคี้ยว,20,663,774,2
P-SNK-003,เทสโต้,เทสโต้,,ขนมขบเคี้ยว,20,275,289,1
P-SNK-004,โคอะล่ามาร์ช,โคอะล่ามาร์ช,,ขนมขบเคี้ยว,20,215,232,1
P-SNK-005,คอนเน่,คอนเน่,,ขนมขบเคี้ยว,20,139,141,1
P-SNK-006,สแน็กแจ็ค,สแน็กแจ็ค,,ขนมขบเคี้ยว,20,115,117,1
P-SNK-007,ตะวัน,ตะวัน,,ขนมขบเคี้ยว,20,109,113,1
P-SNK-008,ขนมซีมอน,ขนมซีมอน,,ขนมขบเคี้ยว,20,106,107,1
P-SNK-009,ฮานามิ,ฮานามิ,,ขนมขบเคี้ยว,20,97,97,1
P-SNK-010,ขนมซีเรียลอาหารเช้า,ขนมซีเรียลอาหารเช้า,,ขนมขบเคี้ยว,20,91,92,1
P-SNK-011,ขนมปาตี้,ขนมปาตี้,,ขนมขบเคี้ยว,20,85,85,1
P-SNK-012,ปาปีก้า,ปาปีก้า,,ขนมขบเคี้ยว,20,82,82,1
P-SNK-013,โปเต้,โปเต้,,ขนมขบเคี้ยว,20,52,52,1
P-SNK-014,ขนมทวิสโก้,ขนมทวิสโก้,,ขนมขบเคี้ยว,20,48,48,1
P-SNK-015,ตูมตาม,ตูมตาม,,ขนมขบเคี้ยว,20,44,46,1
P-SNK-016,บันบันรสดั้งเดิม,บันบันรสดั้งเดิม,,ขนมขบเคี้ยว,20,28,28,1
P-SNK-017,แมกซ์เทสต์,แมกซ์เทสต์,,ขนมขบเคี้ยว,20,27,27,1
P-SNK-018,ก๊อบกอบ,ก๊อบกอบ,,ขนมขบเคี้ยว,20,18,18,1
P-SNK-019,ซันไบทส์,ซันไบทส์,,ขนมขบเคี้ยว,20,13,13,1
P-SNK-020,แจ็กซ์,แจ็กซ์,,ขนมขบเคี้ยว,20,13,13,1
P-SNK-021,เบนโตะ,เบนโตะ,,ขนมขบเคี้ยว,20,10,10,1
P-SNK-022,หมูแท่งกรอบ,หมูแท่งกรอบ,,ขนมขบเคี้ยว,20,6,6,1
P-SNK-023,ป็อกกี้ช็อกโกแลต,ป็อกกี้ช็อกโกแลต,,ขนมขบเคี้ยว,20,5,5,1
P-SNK-024,ขนมเทสโตพริกจักรพรรดิ์,ขนมเทสโตพริกจักรพรรดิ์,,ขนมขบเคี้ยว,20,4,4,1
P-SNK-025,บันบันรสปาปริก้า,บันบันรสปาปริก้า,,ขนมขบเคี้ยว,20,4,4,1
P-SNK-026,คอนเน่ข้าวโพด,คอนเน่ข้าวโพด,,ขนมขบเคี้ยว,20,3,3,1
P-SNK-027,ปาตี้รสคาราเมล,ปาตี้รสคาราเมล,,ขนมขบเคี้ยว,20,3,3,1
P-SNK-028,โคอาล่ามาร์ชรสสตรอเบอรี่,โคอาล่ามาร์ชรสสตรอเบอรี่,,ขนมขบเคี้ยว,20,3,3,1
P-SNK-029,ก๊อบกอบรสต้มยำกุ้ง,ก๊อบกอบรสต้มยำกุ้ง,,ขนมขบเคี้ยว,20,2,2,1
P-SNK-030,ตะวันลูกชิ้นปิ้ง,ตะวันลูกชิ้นปิ้ง,,ขนมขบเคี้ยว,20,2,2,1
P-SNK-031,บันบันรสปาปีก้า,บันบันรสปาปีก้า,,ขนมขบเคี้ยว,20,2,2,1
P-SNK-032,สแน็กแจ็คถั่วลันเตา,สแน็กแจ็คถั่วลันเตา,,ขนมขบเคี้ยว,20,2,2,1
P-SNK-033,สแน็คแจคกุ้งพริกเกลือ,สแน็คแจคกุ้งพริกเกลือ,,ขนมขบเคี้ยว,20,2,2,1
P-SNK-034,เทสโต้บาร์บิคิว,เทสโต้บาร์บิคิว,,ขนมขบเคี้ยว,20,2,2,1
P-SNK-035,เลย์น้ำพริกกุ้งทรงเครื่อง,เลย์น้ำพริกกุ้งทรงเครื่อง,,ขนมขบเคี้ยว,20,2,2,1
P-SNK-036,เลย์บาบีคิว,เลย์บาบีคิว,,ขนมขบเคี้ยว,20,2,2,1
P-SNK-037,เลย์สแตนส์รสชาวทวิน,เลย์สแตนส์รสชาวทวิน,,ขนมขบเคี้ยว,20,2,2,1
P-SNK-038,แจ็กซ์น้ำจิ้มลูกชิ้น,แจ็กซ์น้ำจิ้มลูกชิ้น,,ขนมขบเคี้ยว,20,2,2,1
P-SNK-039,ขนมข้าวเกรียบกุ้ง,ขนมข้าวเกรียบกุ้ง,,ขนมขบเคี้ยว,20,1,1,1
P-SNK-040,ปาปิก้ามันฝรั่ง,ปาปิก้ามันฝรั่ง,,ขนมขบเคี้ยว,20,1,1,1
P-SNK-041,ป็อกกี้แฮปปี้เนส,ป็อกกี้แฮปปี้เนส,,ขนมขบเคี้ยว,20,1,1,1
P-SNK-042,สแน็คแจ็ครสดั้งเดิม,สแน็คแจ็ครสดั้งเดิม,,ขนมขบเคี้ยว,20,1,1,1
P-SNK-043,เทสโต้รสชีทซี่บาบีคิว,เทสโต้รสชีทซี่บาบีคิว,,ขนมขบเคี้ยว,20,1,1,1
P-SNK-044,เลย์เครื่องยำ,เลย์เครื่องยำ,,ขนมขบเคี้ยว,20,1,1,1
P-SNK-045,เลย์เรียบรสต้มยำหม้อไฟ,เลย์เรียบรสต้มยำหม้อไฟ,,ขนมขบเคี้ยว,20,1,1,1
P-SNK-046,โปเต้มันฝรั่งทอด,โปเต้มันฝรั่งทอด,,ขนมขบเคี้ยว,20,1,1,1
P-SOU-001,น้ำเปล่า,น้ำเปล่า,,ขนมของฝาก/อื่นๆ,10,3431,4468,1
P-SOU-002,น้ำแข็ง,น้ำแข็ง,,ขนมของฝาก/อื่นๆ,5,604,766,1
P-SOU-003,น้ำช่อดอกมะพร้าว,น้ำช่อดอกมะพร้าว,,ขนมของฝาก/อื่นๆ,65,275,335,1
P-SOU-004,กรือโป๊ะนรา,กรือโป๊ะนรา,,ขนมของฝาก/อื่นๆ,35,174,212,1
P-SOU-005,น้ำส้มคั้นสด,น้ำส้มคั้นสด,,ขนมของฝาก/อื่นๆ,35,106,115,2
P-SOU-006,คอร์นเฟรก,คอร์นเฟรก,,ขนมของฝาก/อื่นๆ,35,93,103,1
P-SOU-007,ขนมเปี๊ยะ,ขนมเปี๊ยะ,,ขนมของฝาก/อื่นๆ,15,80,98,1
P-SOU-008,กล้วนฉาบรวมรส,กล้วนฉาบรวมรส,,ขนมของฝาก/อื่นๆ,20,48,56,1
P-SOU-009,ปั้นขลิปรวมรส,ปั้นขลิปรวมรส,,ขนมของฝาก/อื่นๆ,45,18,18,1
P-SOU-010,ขนมของฝากแบบถุง,ขนมของฝากแบบถุง,,ขนมของฝาก/อื่นๆ,25,16,17,1
P-SOU-011,โตเกียวกรอบนมสด,โตเกียวกรอบนมสด,,ขนมของฝาก/อื่นๆ,35,14,16,1
P-SOU-012,คุกกี้,คุกกี้,,ขนมของฝาก/อื่นๆ,25,10,12,1
P-SOU-013,มะม่วงดอง,มะม่วงดอง,,ขนมของฝาก/อื่นๆ,35,10,12,1
P-SOU-014,อกไก่รวมรส,อกไก่รวมรส,,ขนมของฝาก/อื่นๆ,45,10,11,1
P-SOU-015,ทุเรียนทอด,ทุเรียนทอด,,ขนมของฝาก/อื่นๆ,39,8,8,1
P-SOU-016,มันฉาบ,มันฉาบ,,ขนมของฝาก/อื่นๆ,25,8,8,1
P-SOU-017,มะม่วงหิมพานต์,มะม่วงหิมพานต์,,ขนมของฝาก/อื่นๆ,39,7,7,1
P-SOU-018,เผือกฉาบ,เผือกฉาบ,,ขนมของฝาก/อื่นๆ,25,7,7,1
P-SOU-019,ข้าวเกรียบ,ข้าวเกรียบ,,ขนมของฝาก/อื่นๆ,35,6,9,1
P-SOU-020,ไข่ปลาทอดกรอบ,ไข่ปลาทอดกรอบ,,ขนมของฝาก/อื่นๆ,50,6,6,1
P-SOU-021,ป็อปคอน,ป็อปคอน,,ขนมของฝาก/อื่นๆ,30,5,5,1
P-SOU-022,ปั้นขริป,ปั้นขริป,,ขนมของฝาก/อื่นๆ,50,2,2,1
P-SOU-023,น้ำมะม่วงดอง,น้ำมะม่วงดอง,,ขนมของฝาก/อื่นๆ,20,1,1,1
P-SOU-024,เห็ดทอด,เห็ดทอด,,ขนมของฝาก/อื่นๆ,50,1,1,1
P-GFT-001,แก้วเยติ,แก้วเยติ,,ของที่ระลึก,350,17,21,1
P-GFT-002,ขรัวหน้าตัง,ขรัวหน้าตัง,,ของที่ระลึก,79,4,6,1
P-GFT-003,ชุดแก้ว,ชุดแก้ว,,ของที่ระลึก,580,1,1,1
P-GFT-004,ร่ม,ร่ม,,ของที่ระลึก,199,1,1,1
P-SFT-001,โค้ก ออริจินอล,โค้ก ออริจินอล,,น้ำอัดลม,25,678,762,3
P-SFT-002,สิงห์เลม่อนโซดา,สิงห์เลม่อนโซดา,,น้ำอัดลม,25,257,271,2
P-SFT-003,แฟนต้า น้ำแดง,แฟนต้า น้ำแดง,,น้ำอัดลม,25,193,200,3
P-SFT-004,โค้ก zero,โค้ก zero,,น้ำอัดลม,25,192,203,2
P-SFT-005,สไปรท์,สไปรท์,,น้ำอัดลม,25,164,171,2
P-SFT-006,ชเวปส์,ชเวปส์,,น้ำอัดลม,25,118,123,2
P-SFT-007,แฟนต้า น้ำส้ม,แฟนต้า น้ำส้ม,,น้ำอัดลม,25,85,86,2
P-SFT-008,แฟนต้า น้ำเขียว,แฟนต้า น้ำเขียว,,น้ำอัดลม,25,75,77,2
P-SFT-009,ชเวปไม่มีน้ำตาล,ชเวปไม่มีน้ำตาล,,น้ำอัดลม,20,6,6,1
P-NDL-001,มาม่า,มาม่า,,มาม่า/โจ็ก,20,1812,2061,1
P-NDL-002,ยำยำ,ยำยำ,,มาม่า/โจ็ก,20,607,674,1
P-NDL-003,ไวไว,ไวไว,,มาม่า/โจ็ก,20,552,601,1
P-NDL-004,โจ๊ก,โจ๊ก,,มาม่า/โจ็ก,20,477,502,1
P-NDL-005,ซือดะรสต้มโคล้ง,ซือดะรสต้มโคล้ง,,มาม่า/โจ็ก,20,126,135,1
P-NDL-006,นิสชินคัพไก่เผ็ดเกาหลี,นิสชินคัพไก่เผ็ดเกาหลี,,มาม่า/โจ็ก,25,50,51,1
P-NDL-007,ข้าวต้ม,ข้าวต้ม,,มาม่า/โจ็ก,20,39,40,1
P-NDL-008,คนอร์คัพโจ๊ก ไก่,คนอร์คัพโจ๊ก ไก่,,มาม่า/โจ็ก,20,30,31,1
P-NDL-009,คนอร์คัพโจ็ก หมู,คนอร์คัพโจ็ก หมู,,มาม่า/โจ็ก,20,24,24,1
P-NDL-010,มาม่ารุสกี้,มาม่ารุสกี้,,มาม่า/โจ็ก,20,12,12,1
P-NDL-011,บะหมี่จายารสต้มยำ,บะหมี่จายารสต้มยำ,,มาม่า/โจ็ก,20,11,11,1
P-NDL-012,มาม่าคัพออเรียลทัลฮอทสไปซี่,มาม่าคัพออเรียลทัลฮอทสไปซี่,,มาม่า/โจ็ก,20,6,6,1
P-NDL-013,มาม่าต้มยำกุ้งน้ำข้น,มาม่าต้มยำกุ้งน้ำข้น,,มาม่า/โจ็ก,20,5,5,1
P-NDL-014,ยำยำต้มยำกุ้งน้ำข้น,ยำยำต้มยำกุ้งน้ำข้น,,มาม่า/โจ็ก,20,5,6,1
P-NDL-015,ไวไวควิกต้มยำมันกุ้ง,ไวไวควิกต้มยำมันกุ้ง,,มาม่า/โจ็ก,20,5,5,1
P-NDL-016,ไวไวควิกกุ้งนึ่งมะนาว,ไวไวควิกกุ้งนึ่งมะนาว,,มาม่า/โจ็ก,20,3,3,1
P-NDL-017,มาม่ารสหมูสับ,มาม่ารสหมูสับ,,มาม่า/โจ็ก,20,2,2,1
P-NDL-018,ยำยำต้มยำกุ้ง,ยำยำต้มยำกุ้ง,,มาม่า/โจ็ก,20,2,2,1
P-NDL-019,ไวไวควิกถ้วยต้มโคล้ง,ไวไวควิกถ้วยต้มโคล้ง,,มาม่า/โจ็ก,20,2,2,1
P-NDL-020,ไวไวควิกรสต้มยำพริกเผา,ไวไวควิกรสต้มยำพริกเผา,,มาม่า/โจ็ก,20,2,2,1
P-NDL-021,คนอร์ข้าวต้มกุ้งกระเทียม,คนอร์ข้าวต้มกุ้งกระเทียม,,มาม่า/โจ็ก,20,1,1,1
P-NDL-022,มาม่าเผ็ดเกาหลี,มาม่าเผ็ดเกาหลี,,มาม่า/โจ็ก,20,1,2,1
P-NDL-023,ยำยำสุกกี้ทะเล,ยำยำสุกกี้ทะเล,,มาม่า/โจ็ก,20,1,1,1
P-NDL-024,ไวไสควิกหมูสับต้มยำ,ไวไสควิกหมูสับต้มยำ,,มาม่า/โจ็ก,20,1,1,1
P-FOD-001,แซนวิชโบราณ,แซนวิชโบราณ,,อาหาร,25,1151,1374,1
P-FOD-002,ข้าวกล่อง,ข้าวกล่อง,,อาหาร,49,417,494,1
P-FOD-003,ขนมจีบกุ้ง,ขนมจีบกุ้ง,,อาหาร,30,254,283,1
P-FOD-004,ขนมจีบไก่,ขนมจีบไก่,,อาหาร,30,177,196,1
P-FOD-005,ไข่กระทะ,ไข่กระทะ,,อาหาร,25,156,217,1
P-FOD-006,อาหารคลีน,อาหารคลีน,,อาหาร,65,142,166,1
P-FOD-007,สลัดโรง,สลัดโรง,,อาหาร,30,55,60,1
P-FOD-008,แซนวิสสลัด,แซนวิสสลัด,,อาหาร,65,50,53,1
P-FOD-009,น้ำเคยแห้ง,น้ำเคยแห้ง,,อาหาร,69,3,8,1
P-FOD-010,มาม่าผัดทะเล,มาม่าผัดทะเล,,อาหาร,55,3,3,1
P-FOD-011,สลัดโรล,สลัดโรล,,อาหาร,30,3,5,1
P-FOD-012,มะม่วงดองเกลือ,มะม่วงดองเกลือ,,อาหาร,35,2,4,1
P-OTH-001,น้ำอัดลม,น้ำอัดลม,,อื่นๆ,20,216,248,1
P-OTH-002,น้ำส้มสด,น้ำส้มสด,,อื่นๆ,35,69,98,1
P-OTH-003,ขนมทองม้วน,ขนมทองม้วน,,อื่นๆ,69,27,27,1
P-OTH-004,กล้วยเส้นคละรส,กล้วยเส้นคละรส,,อื่นๆ,35,23,24,1
P-OTH-005,ขนมของฝากคละรส,ขนมของฝากคละรส,,อื่นๆ,40,23,23,1
P-OTH-006,ปั้นขลิบ,ปั้นขลิบ,,อื่นๆ,55,12,12,1
P-OTH-007,สแตคส์(กระป๋อง),สแตคส์(กระป๋อง),,อื่นๆ,20,8,10,1
P-OTH-008,โจ๊กข้าวกล้อง,โจ๊กข้าวกล้อง,,อื่นๆ,25,7,9,1
P-OTH-009,น้ำอัญชัน,น้ำอัญชัน,,อื่นๆ,20,5,5,1
P-OTH-010,น้ำอัญชันมะนาวสด,น้ำอัญชันมะนาวสด,,อื่นๆ,25,3,4,1
P-OTH-011,น้ำเชื่อมต่างๆ,น้ำเชื่อมต่างๆ,,อื่นๆ,10,3,3,1
P-OTH-012,ปั้นขลิปใส้ไก่,ปั้นขลิปใส้ไก่,,อื่นๆ,50,2,2,1
P-OTH-013,น้ำกระเจี๊ยบ,น้ำกระเจี๊ยบ,,อื่นๆ,20,1,2,1
P-VEG-001,อาหารเจ,อาหารเจ,,เครื่องดื่ม/อาหารเจ,75,13,17,1
P-VEG-002,ชาเขียวโอ๊ดมิลล์,ชาเขียวโอ๊ดมิลล์,,เครื่องดื่ม/อาหารเจ,65,6,7,1
P-VEG-003,เค้กกล้วยหอมเจ,เค้กกล้วยหอมเจ,,เครื่องดื่ม/อาหารเจ,69,5,5,1
P-VEG-004,บราวนี่เจ,บราวนี่เจ,,เครื่องดื่ม/อาหารเจ,30,4,4,1
P-VEG-005,สตอเบอร์รี่อัลมอนด์,สตอเบอร์รี่อัลมอนด์,,เครื่องดื่ม/อาหารเจ,65,3,3,1
P-VEG-006,มิกเบอร์รี่ สมูตตี้เจ,มิกเบอร์รี่ สมูตตี้เจ,,เครื่องดื่ม/อาหารเจ,70,2,2,1
P-VEG-007,ลาเต้อัลมอนด์,ลาเต้อัลมอนด์,,เครื่องดื่ม/อาหารเจ,65,2,2,1
P-VEG-008,เค้กมะพร้าวอ่อนเจ,เค้กมะพร้าวอ่อนเจ,,เครื่องดื่ม/อาหารเจ,69,1,1,1
P-BAK-001,ขนมซอง,ขนมซอง,,เบเกอรี่,20,727,903,1
P-BAK-002,บราวนี่,บราวนี่,,เบเกอรี่,25,595,724,1
P-BAK-003,เค้ก,เค้ก,,เบเกอรี่,79,589,650,1
P-BAK-004,ขนมปังรวมรส,ขนมปังรวมรส,,เบเกอรี่,15,440,606,1
P-BAK-005,แอลแคร์,แอลแคร์,,เบเกอรี่,25,380,410,1
P-BAK-006,บานอฟฟี่,บานอฟฟี่,,เบเกอรี่,79,247,254,1
P-BAK-007,มาการอง,มาการอง,,เบเกอรี่,35,186,201,1
P-BAK-008,เค้กช็อคหน้านิ่ม,เค้กช็อคหน้านิ่ม,,เบเกอรี่,35,179,204,1
P-BAK-009,ขนม,ขนม,,เบเกอรี่,5,169,340,1
P-BAK-010,ขนมปังกรอบ,ขนมปังกรอบ,,เบเกอรี่,29,159,175,1
P-BAK-011,เค้กบลูเบอร์รี่หน้านิ่ม,เค้กบลูเบอร์รี่หน้านิ่ม,,เบเกอรี่,35,146,154,1
P-BAK-012,มินิเค้กช็อกโกแลต,มินิเค้กช็อกโกแลต,,เบเกอรี่,79,134,137,1
P-BAK-013,โดนัท,โดนัท,,เบเกอรี่,25,117,120,1
P-BAK-014,บราวนี่กรอบ,บราวนี่กรอบ,,เบเกอรี่,20,95,110,1
P-BAK-015,ชีสคัพ,ชีสคัพ,,เบเกอรี่,50,82,83,1
P-BAK-016,มินิเค้กสดสตรอเบอรี่,มินิเค้กสดสตรอเบอรี่,,เบเกอรี่,79,80,82,1
P-BAK-017,ขนมปัง,ขนมปัง,,เบเกอรี่,30,75,102,1
P-BAK-018,คอนเฟรก,คอนเฟรก,,เบเกอรี่,65,71,73,1
P-BAK-019,โคอะลา มาร์ช,โคอะลา มาร์ช,,เบเกอรี่,20,71,74,1
P-BAK-020,มินิเค้กมัทฉะครีมสด,มินิเค้กมัทฉะครีมสด,,เบเกอรี่,79,68,70,1
P-BAK-021,เค้กชาไทยหน้านิ่ม,เค้กชาไทยหน้านิ่ม,,เบเกอรี่,35,67,68,1
P-BAK-022,คุกกี้ไข่เค็ม,คุกกี้ไข่เค็ม,,เบเกอรี่,79,62,73,1
P-BAK-023,แซนวิชไก่หยองโบโลน่า,แซนวิชไก่หยองโบโลน่า,,เบเกอรี่,30,47,51,1
P-BAK-024,เค้กกาแฟหน้านิ่ม,เค้กกาแฟหน้านิ่ม,,เบเกอรี่,35,45,47,1
P-BAK-025,แซนวิชไก่หยอง,แซนวิชไก่หยอง,,เบเกอรี่,20,45,55,1
P-BAK-026,เค้กเรดเวลเวทีราวนี่,เค้กเรดเวลเวทีราวนี่,,เบเกอรี่,79,44,45,1
P-BAK-027,มินิเค้กครีมสดบลูเบอร์รี่,มินิเค้กครีมสดบลูเบอร์รี่,,เบเกอรี่,79,41,41,1
P-BAK-028,มินิเค้กชาไทย,มินิเค้กชาไทย,,เบเกอรี่,79,32,32,1
P-BAK-029,เค้กสตอเบอร์รี่หน้านิ่ม,เค้กสตอเบอร์รี่หน้านิ่ม,,เบเกอรี่,35,29,31,1
P-BAK-030,คพุเค้ก,คพุเค้ก,,เบเกอรี่,25,28,35,1
P-BAK-031,กล้วยอบน้ำผึ้ง,กล้วยอบน้ำผึ้ง,,เบเกอรี่,69,27,29,1
P-BAK-032,ขนมปัง (เย็น),ขนมปัง,เย็น,เบเกอรี่,25,26,33,1
P-BAK-033,เค้กจำปะดะ,เค้กจำปะดะ,,เบเกอรี่,30,23,24,1
P-BAK-034,เปี๊ยะไข่เค็ม,เปี๊ยะไข่เค็ม,,เบเกอรี่,79,18,22,1
P-BAK-035,แซนวิชไก่,แซนวิชไก่,,เบเกอรี่,30,18,26,1
P-BAK-036,ขนมของฝาก,ขนมของฝาก,,เบเกอรี่,40,14,17,1
P-BAK-037,แซนวิชไส้กรอก,แซนวิชไส้กรอก,,เบเกอรี่,15,13,16,1
P-BAK-038,แซนวิชกล่อง,แซนวิชกล่อง,,เบเกอรี่,30,11,11,1
P-BAK-039,ปั้นขลิบห่อใส,ปั้นขลิบห่อใส,,เบเกอรี่,55,10,10,1
P-BAK-040,ปั้นขลิบไส้ปลา กระปุก,ปั้นขลิบไส้ปลา กระปุก,,เบเกอรี่,60,10,11,1
P-BAK-041,เค้กช้อกโกแลตลาวา,เค้กช้อกโกแลตลาวา,,เบเกอรี่,79,10,10,1
P-BAK-042,ปังเวอร์,ปังเวอร์,,เบเกอรี่,25,9,9,1
P-BAK-043,ขนมเปี๊ยะเล็ก,ขนมเปี๊ยะเล็ก,,เบเกอรี่,15,8,10,1
P-BAK-044,ปั้นขลิบถุง,ปั้นขลิบถุง,,เบเกอรี่,50,8,9,1
P-BAK-045,ขนมปั้นขลิบ,ขนมปั้นขลิบ,,เบเกอรี่,60,7,7,1
P-BAK-046,ขนมเค้กรวม,ขนมเค้กรวม,,เบเกอรี่,15,7,9,1
P-BAK-047,เค้กชาเขียวหน้านิ่ม,เค้กชาเขียวหน้านิ่ม,,เบเกอรี่,35,7,8,1
P-BAK-048,ขนมไทย,ขนมไทย,,เบเกอรี่,79,6,10,1
P-BAK-049,ปั้นขลิบไส้ปลา แบบซอง,ปั้นขลิบไส้ปลา แบบซอง,,เบเกอรี่,50,6,6,1
P-BAK-050,มินิเค้กคัสตาร์ทครีมสด,มินิเค้กคัสตาร์ทครีมสด,,เบเกอรี่,79,6,6,1
P-BAK-051,กรีบลำดวน,กรีบลำดวน,,เบเกอรี่,35,5,5,1
P-BAK-052,ขนมกง,ขนมกง,,เบเกอรี่,49,5,5,1
P-BAK-053,ผลไม้,ผลไม้,,เบเกอรี่,20,5,5,1
P-BAK-054,เค้าคั่วกรอบ,เค้าคั่วกรอบ,,เบเกอรี่,49,5,5,1
P-BAK-055,เปี๊ยะกล่อง,เปี๊ยะกล่อง,,เบเกอรี่,79,5,5,1
P-BAK-056,แซนวิช,แซนวิช,,เบเกอรี่,25,5,6,1
P-BAK-057,เค้กส้ม,เค้กส้ม,,เบเกอรี่,79,4,4,1
P-BAK-058,ปั้นขลิบไส้ไก่หยอง แบบซอง,ปั้นขลิบไส้ไก่หยอง แบบซอง,,เบเกอรี่,50,3,3,1
P-BAK-059,เค้กส้มหน้านิ่ม,เค้กส้มหน้านิ่ม,,เบเกอรี่,35,3,4,1
P-BAK-060,เค้กโกไข่,เค้กโกไข่,,เบเกอรี่,35,3,3,1
P-BAK-061,วุ้นหมี,วุ้นหมี,,เบเกอรี่,49,2,2,1
P-BAK-062,ขนมปังเนยสด,ขนมปังเนยสด,,เบเกอรี่,15,1,1,1
P-BAK-063,ขนมไทยหวาน,ขนมไทยหวาน,,เบเกอรี่,79,1,1,1
P-BAK-064,ข้าวเหนียวดำแก้ว,ข้าวเหนียวดำแก้ว,,เบเกอรี่,79,1,1,1
P-BAK-065,บิสกิตชีสเค้ก,บิสกิตชีสเค้ก,,เบเกอรี่,79,1,1,1
P-BAK-066,เค้กกล้วยหอม,เค้กกล้วยหอม,,เบเกอรี่,15,1,2,1
P-BAK-067,เซตแซนวิชสลัด,เซตแซนวิชสลัด,,เบเกอรี่,79,1,1,1
P-BAK-068,แซนวิชไก่หยองโลโลน่า,แซนวิชไก่หยองโลโลน่า,,เบเกอรี่,30,1,2,1
P-BAK-069,แซนวิส,แซนวิส,,เบเกอรี่,30,1,1,1
